{"cameraMode":{"drawMode":0,"name":"Shaded","section":"Shading Mode"},"sceneLighting":true,"audioPlay":false,"sceneViewState":{"showFog":true,"showMaterialUpdate":false,"showSkybox":true,"showFlares":true,"showImageEffects":true,"showParticleSystems":true},"in2DMode":false,"pivot":{"x":1.4841357469558716,"y":-1.4122929573059083,"z":7.816318511962891},"rotation":{"x":0.18814994394779206,"y":0.01883842423558235,"z":-0.0035911211743950845,"w":0.981968343257904},"size":13.83073902130127,"orthographic":false}